City,Latitude,Longitude,Cloudiness,Country,Date,Humidity,Max Temp,Wind Speed
banjar,-7.37,108.54,92,ID,1551860707,80,25.85,1.32
provideniya,64.42,-173.23,0,RU,1551860117,100,-6.35,3.67
mujiayingzi,42.12,118.78,0,CN,1551860707,64,-0.68,3.67
imbituba,-28.24,-48.67,40,BR,1551855600,88,26,2.6
mataura,-46.19,168.86,8,NZ,1551859804,56,20.56,2.68
punta arenas,-53.16,-70.91,90,CL,1551859988,93,4,1.5
vaini,15.34,74.49,0,IN,1551855600,19,32,1.5
sola,58.89,5.65,40,NO,1551860405,80,5.56,6.7
rikitea,-23.12,-134.97,64,PF,1551860360,98,27,7.72
jamestown,-33.21,138.6,0,AU,1551860708,57,15,4.32
thompson,55.74,-97.86,90,CA,1551858300,70,-17,5.1
clyde river,70.47,-68.59,90,CA,1551858300,76,-20,4.1
havre-saint-pierre,50.23,-63.6,40,CA,1551859200,64,-17,4.1
barrow,-38.31,-60.23,8,AR,1551860364,92,16.35,3.82
rawson,-43.3,-65.11,68,AR,1551860074,38,15.8,6.17
tual,-5.67,132.75,36,ID,1551860710,100,27.95,3.12
butaritari,3.07,172.79,80,KI,1551860083,100,26.98,6.12
ushuaia,-54.81,-68.31,20,AR,1551855600,86,3,3.6
hilo,19.71,-155.08,90,US,1551860002,77,19,3.6
georgetown,6.8,-58.16,20,GY,1551855600,94,22,1.5
yellowknife,62.45,-114.38,5,CA,1551859487,83,-20,4.1
minot,48.23,-101.3,1,US,1551859921,65,-13,4.1
hobart,-42.88,147.33,20,AU,1551859935,66,12.22,4.6
chokurdakh,70.62,147.9,0,RU,1551860057,0,-32.78,2.32
albany,42.65,-73.75,90,US,1551860048,92,-9.44,4.1
puerto leguizamo,-0.19,-74.78,80,CO,1551860711,97,24.08,1.07
cape town,-33.93,18.42,8,ZA,1551859969,77,25.56,2.6
mar del plata,-46.43,-67.52,56,AR,1551859819,53,17.98,13.82
benghazi,32.12,20.07,0,LY,1551860363,100,15.65,4.62
port alfred,-33.59,26.89,12,ZA,1551859882,84,29.44,2.68
imeni poliny osipenko,52.42,136.49,24,RU,1551860712,76,-8.7,1.42
hualmay,-11.1,-77.61,12,PE,1551860712,88,19.48,1.77
saskylakh,71.97,114.09,80,RU,1551860090,77,-16.83,3.02
coquimbo,-29.95,-71.34,0,CL,1551855600,93,15,1.5
dudinka,69.41,86.18,68,RU,1551860436,79,-17.03,8.17
kargopol,61.51,38.95,0,RU,1551860713,79,-12.28,6.42
codrington,-28.95,153.24,12,AU,1551859845,66,32,7.7
lompoc,34.64,-120.46,90,US,1551860029,93,13,7.7
emerald,-23.53,148.16,48,AU,1551860506,34,35,2.1
busselton,-33.64,115.35,32,AU,1551859886,20,28.89,1.82
katsuura,33.93,134.5,75,JP,1551858883,93,10,1.5
hermanus,-34.42,19.24,0,ZA,1551859299,72,24.44,3.58
ust-kuyga,70,135.55,0,RU,1551860467,65,-26.15,2.52
aklavik,68.22,-135.01,5,CA,1551855600,60,-12,2.1
kurumkan,54.33,110.32,0,RU,1551860373,78,-3.15,0.82
avarua,-21.21,-159.78,92,CK,1551857400,73,25,2.6
moen,69.13,18.61,75,NO,1551860400,85,-5,1.5
bredasdorp,-34.53,20.04,0,ZA,1551859291,65,26,1.5
biscarrosse,44.41,-1.18,0,FR,1551860412,62,17.78,3.1
bethel,60.79,-161.76,1,US,1551858780,92,-1,4.1
aluksne,57.42,27.05,0,LV,1551860716,81,-6.6,2.07
nabire,-3.36,135.5,92,ID,1551860169,95,22.55,0.52
severo-kurilsk,50.68,156.12,48,RU,1551860056,100,-5.33,7.07
chicama,-7.84,-79.15,75,PE,1551855600,94,22,4.1
sao filipe,14.9,-24.5,0,CV,1551860103,95,21.4,8.32
bluff,-23.58,149.07,56,AU,1551860068,45,30.83,1.67
saint anthony,43.97,-111.68,90,US,1551859858,92,1.11,2.6
salta,-24.79,-65.41,75,AR,1551859200,93,20,1.02
shingu,33.72,135.99,75,JP,1551855600,82,13,2.1
airai,-8.93,125.41,64,TL,1551860091,77,25.18,0.62
igdir,37.52,45.24,20,IR,1551855600,34,9,2.1
kolpashevo,58.31,82.9,44,RU,1551860718,80,-5.53,3.22
roald,62.58,6.12,75,NO,1551860702,69,1,8.2
vardo,39.62,-77.74,90,US,1551859858,44,-6.11,6.2
sur,22.57,59.53,0,OM,1551860144,91,23.18,3.67
longyearbyen,78.22,15.63,75,NO,1551858600,76,-20,6.7
tuktoyaktuk,69.44,-133.03,12,CA,1551860085,81,-13.28,2.87
bitung,1.44,125.19,75,ID,1551859200,66,30,3.6
atuona,-9.8,-139.03,36,PF,1551860059,99,28.23,7.57
pacific grove,36.62,-121.92,75,US,1551860173,71,15,11.3
te anau,-45.41,167.72,0,NZ,1551860075,45,15.6,5.12
taunggyi,20.78,97.03,92,MM,1551860474,56,22.33,3.12
ostrovnoy,68.05,39.51,0,RU,1551860176,78,-15.85,7.22
beira,43.2,-8.36,40,ES,1551860379,93,11.67,2.6
qaanaaq,77.48,-69.36,20,GL,1551859891,68,-23.58,2.77
nikolskoye,59.7,30.79,0,RU,1551860109,78,-6.11,5
saint-francois,46.42,3.91,0,FR,1551860197,58,12,7.7
kilis,36.72,37.12,75,TR,1551860401,66,12.78,3.6
norman wells,65.28,-126.83,5,CA,1551855600,83,-22,1.17
ancud,-41.87,-73.83,90,CL,1551855600,100,13,10.8
mayumba,-3.44,10.65,88,GA,1551860721,100,27.35,2.97
tuatapere,-46.13,167.69,0,NZ,1551859804,56,20.56,2.68
tadpatri,14.92,78.02,0,IN,1551860722,28,36.93,3.42
el rosario,22.99,-105.86,20,MX,1551860163,76,19.44,1.5
zarumilla,-3.5,-80.28,88,EC,1551860722,97,24.18,2.02
chipinge,-20.19,32.62,76,ZW,1551860410,88,22.98,4.12
meulaboh,4.14,96.13,36,ID,1551860126,95,30.33,3.92
caravelas,-17.73,-39.27,64,BR,1551860723,100,28.5,3.97
beidao,34.57,105.89,68,CN,1551860455,68,7.6,3.42
guerrero negro,27.97,-114.04,80,MX,1551860420,95,12.35,0.87
tautira,-17.73,-149.15,20,PF,1551860583,74,26,2.1
esperance,10.24,-61.45,20,TT,1551860107,94,23.33,3.6
scarborough,54.28,-0.41,92,GB,1551860715,93,9.44,4.1
abha,18.22,42.5,40,SA,1551855600,77,19,5.7
acapulco,16.86,-99.88,5,MX,1551854520,94,24,2.07
punuare,14.75,-85.99,20,HN,1551860724,95,16.65,1.07
shitanjing,39.23,106.34,20,CN,1551860725,15,6.83,2.07
maniitsoq,65.42,-52.9,48,GL,1551860136,66,-10.1,1.77
port elizabeth,39.31,-74.98,1,US,1551860095,45,-3,5.37
ronne,48.45,0.83,0,FR,1551860695,70,10,4.6
jining,35.41,116.58,0,CN,1551860186,37,11.55,8.37
huambo,-12.78,15.73,40,AO,1551855600,88,19,2.6
upernavik,72.79,-56.15,76,GL,1551859863,100,-12.65,5.67
marawi,8,124.29,0,PH,1551860161,77,28.33,2.24
khatanga,71.98,102.47,80,RU,1551860075,85,-17.93,3.47
santa rosa del sur,7.96,-74.05,80,CO,1551860726,87,25.35,0.62
tabas,33.6,56.92,12,IR,1551860727,36,16.55,1.52
tasiilaq,65.61,-37.64,80,GL,1551858600,47,-9,7.2
khaniotis,40,23.58,0,GR,1551860602,88,18.33,0.45
vrede,-27.43,29.16,0,ZA,1551860727,53,25.08,1.87
carnarvon,-30.97,22.13,0,ZA,1551860125,12,33.6,4.77
saint-philippe,45.36,-73.48,75,CA,1551859923,78,-11,6.7
puerto ayora,-0.74,-90.35,0,EC,1551860058,100,25.1,3.02
black river,18.03,-77.85,75,JM,1551860225,83,25,2.6
ostersund,63.18,14.64,0,SE,1551856800,83,-20,1
yazman,36.74,38.46,0,SY,1551860729,96,13.2,3.57
kavieng,-2.57,150.8,12,PG,1551860154,100,28.8,2.52
quincy,30.59,-84.58,90,US,1551860424,47,4.44,4.6
lydenburg,-25.1,30.46,20,ZA,1551860216,76,25.56,1.17
kloulklubed,7.04,134.26,75,PW,1551858600,69,28,4.6
gornopravdinsk,60.06,69.92,44,RU,1551860361,69,-5.8,4.67
amahai,-3.31,129,48,ID,1551860730,100,28.45,0.52
fortuna,38.18,-1.13,90,ES,1551860124,87,15.56,1.77
goderich,43.74,-81.71,8,CA,1551860011,68,-11.67,0.45
el pueblito,-1.27,-80.42,92,EC,1551860731,96,23,1.07
biltine,14.53,20.93,0,TD,1551860731,18,35.15,5.87
hobyo,5.35,48.53,68,SO,1551860448,75,28.05,7.07
kholodnyy,62.72,147.95,44,RU,1551860732,62,-23.55,1.32
blackfoot,43.19,-112.35,90,US,1551860479,100,3.33,2.1
sakete,6.74,2.66,40,BJ,1551859200,89,29,5.1
zhezkazgan,47.8,67.71,20,KZ,1551855600,85,-11,2
kapaa,22.08,-159.32,90,US,1551860002,68,21,8.7
komsomolskiy,67.55,63.78,80,RU,1551860378,76,-13.1,9.87
ambon,47.55,-2.56,92,FR,1551860718,93,12,6.2
san cristobal,-0.39,-78.55,75,EC,1551860137,93,13,3.1
labuhan,-2.54,115.51,76,ID,1551860204,80,26.08,1.52
constitucion,23.99,-104.67,0,MX,1551859816,44,14.44,2.68
new norfolk,-42.78,147.06,20,AU,1551860056,66,12.22,4.6
vila velha,-3.71,-38.6,75,BR,1551859832,88,25,3.1
puro,13.13,123.76,36,PH,1551860734,74,27.6,1.77
kaitangata,-46.28,169.85,8,NZ,1551860027,81,16.11,0.89
castro,-42.48,-73.76,90,CL,1551855600,100,13,10.8
rongcheng,37.16,122.42,68,CN,1551860735,64,6.7,6.57
lasa,34.92,32.53,40,CY,1551859254,59,17,2.1
paita,-5.09,-81.11,68,PE,1551860181,89,23.7,0.97
grand gaube,-20.01,57.66,40,MU,1551860644,62,30.56,5.1
purpe,64.48,76.69,0,RU,1551860719,75,-12.78,4.82
saint-joseph,43.56,6.97,0,FR,1551860408,66,13.33,1.5
hofn,64.25,-15.21,20,IS,1551859200,68,-4,4.1
rapid valley,44.06,-103.15,1,US,1551860164,78,-10,5.1
gotsu,35.01,132.22,75,JP,1551855600,87,9,1.5
henties bay,-22.12,14.28,8,NA,1551859323,89,20.56,1.79
hirara,24.8,125.28,75,JP,1551855600,77,21,6.2
kidal,18.44,1.41,0,ML,1551860472,17,22.35,2.77
kenai,60.55,-151.26,90,US,1551859924,74,-1.11,4.6
dawlatabad,36.41,64.91,88,AF,1551860171,64,11.18,5.17
iqaluit,63.75,-68.52,5,CA,1551859964,68,-29,3.6
paamiut,61.99,-49.67,92,GL,1551860200,87,-0.35,3.72
namatanai,-3.66,152.44,44,PG,1551860737,100,28.1,1.07
cayenne,4.94,-52.33,76,GF,1551857400,94,23,3.52
okhotsk,59.36,143.24,0,RU,1551860588,99,-12.05,1.92
pevek,69.7,170.27,88,RU,1551860089,92,-17.28,1.47
pisco,-13.71,-76.2,40,PE,1551855600,83,22,4.1
rio grande,-32.03,-52.1,8,BR,1551860738,95,21.93,1.77
kahului,20.89,-156.47,40,US,1551859294,60,22,7.7
ust-kishert,57.36,57.24,88,RU,1551860739,91,2.23,9.72
richards bay,-28.77,32.06,0,ZA,1551860739,76,28.33,2.97
vetluga,57.85,45.78,88,RU,1551860739,96,3.25,4.12
shache,38.42,77.24,0,CN,1551860601,29,14.58,1.02
phan thiet,10.93,108.1,0,VN,1551860459,77,28.48,3.42
vila franca do campo,37.72,-25.43,20,PT,1551860378,66,13,5.7
manacapuru,-3.3,-60.62,0,BR,1551859200,88,25,3.6
torbay,47.66,-52.73,40,CA,1551859711,73,-5.57,4.1
yulara,-25.24,130.99,0,AU,1551855600,16,36,6.2
waingapu,-9.65,120.26,80,ID,1551860740,93,26.45,2.97
hami,42.84,93.51,64,CN,1551860741,43,13.05,6.92
port macquarie,-31.43,152.91,75,AU,1551860645,43,31,7.7
lavrentiya,65.58,-170.99,92,RU,1551860143,93,-3.2,4.92
camacha,33.08,-16.33,40,PT,1551857400,77,16,6.2
naryan-mar,67.67,53.09,80,RU,1551860741,83,-12.93,2.57
malanje,-9.54,16.35,12,AO,1551860742,81,25.25,1.57
port lincoln,-34.72,135.86,0,AU,1551860104,90,16.6,4.82
ribeira grande,38.52,-28.7,40,PT,1551857400,71,14,9.3
narsaq,60.91,-46.05,80,GL,1551858600,31,1,17.5
petropavlovsk-kamchatskiy,53.05,158.65,0,RU,1551857400,52,-7,2
cherskiy,68.75,161.3,76,RU,1551860084,64,-19.85,0.77
batman,37.88,41.13,40,TR,1551859680,100,11,2.6
comodoro rivadavia,-45.87,-67.48,0,AR,1551855600,39,19,10.8
casa nova,-11.77,-39.23,44,BR,1551860743,94,22.68,1.87
muyezerskiy,63.93,31.65,44,RU,1551860744,61,-9.18,4.17
strelna,59.85,30.06,0,RU,1551860735,78,-6.11,5
luwero,0.85,32.47,64,UG,1551860744,95,23.75,3.77
avera,33.19,-82.53,1,US,1551860006,43,2,3.6
ballina,54.11,-9.15,90,IE,1551860525,93,6.67,6.2
salym,60.06,71.48,20,RU,1551860745,68,-7.33,4.47
cabedelo,-6.97,-34.84,20,BR,1551855600,100,24,2.6
arraial do cabo,-22.97,-42.02,12,BR,1551860080,100,24.65,7.27
goma,-1.67,29.23,76,CD,1551860746,81,20.65,0.62
karlskrona,56.16,15.59,90,SE,1551856800,100,1,1.5
fuerte olimpo,-21.04,-57.87,8,BR,1551860746,77,25.73,2.32
zhigansk,66.77,123.37,92,RU,1551860141,83,-10.8,6.12
ilulissat,69.22,-51.1,12,GL,1551858600,60,-13,0.5
general roca,-39.03,-67.58,0,AR,1551860747,53,8.48,2.22
peleduy,59.63,112.75,80,RU,1551860747,76,-2.55,3.12
cidreira,-30.17,-50.22,88,BR,1551860361,96,22.48,1.77
axim,4.87,-2.24,56,GH,1551860155,92,29.1,6.52
lebu,8.96,38.73,75,ET,1551855600,59,19,3.1
swan hill,-35.34,143.56,0,AU,1551860748,34,17.93,4.92
yumen,40.29,97.04,8,CN,1551860461,48,7.3,1.37
souillac,45.6,-0.6,0,FR,1551860109,62,12.22,9.3
kambove,-10.88,26.6,76,CD,1551860748,73,24.55,2.07
geraldton,49.72,-86.95,5,CA,1551855600,74,-30,1.5
bambous virieux,-20.34,57.76,40,MU,1551860044,62,30.56,5.1
sitka,37.17,-99.65,12,US,1551860102,76,-7.78,3.58
pombas,-15.9,-54.74,32,BR,1551860749,94,20.4,1.27
la rioja,-29.41,-66.86,80,AR,1551860749,88,21.48,1.77
port moresby,-9.47,147.16,75,PG,1551855600,88,27,3.6
guiratinga,-16.35,-53.76,24,BR,1551860750,91,19.8,1.17
east london,-33.02,27.91,0,ZA,1551855600,61,28,6.2
zelenoborskiy,66.84,32.36,80,RU,1551860750,80,-10.43,4.12
diffa,13.32,12.61,0,NE,1551860750,20,29.93,5.17
longido,-2.73,36.7,0,TZ,1551860751,56,28.5,2.32
belaya gora,68.54,146.19,0,RU,1551860751,0,-32.6,1.22
molchanovo,57.58,83.76,36,RU,1551860751,88,-6.15,2.37
vangaindrano,-23.35,47.6,92,MG,1551860372,88,25.45,2.77
hervey bay,-25.3,152.85,40,AU,1551860109,78,26,4.1
waddan,29.16,16.14,0,LY,1551860752,32,18.5,2.02
grindavik,63.84,-22.43,20,IS,1551859756,79,-5,4.6
mitu,36.2,46.09,0,IR,1551860167,49,9.23,1.12
dumas,21.09,72.71,0,IN,1551857400,25,31,3.1
salinopolis,-0.61,-47.36,68,BR,1551860401,100,25.4,2.92
kamaishi,39.28,141.86,40,JP,1551855600,30,13,4.1
kaeo,-35.1,173.78,0,NZ,1551859684,85,16.11,3.32
kodiak,39.95,-94.76,1,US,1551860011,47,-11,3.6
mount gambier,-37.83,140.78,75,AU,1551855600,38,15,7.2
noumea,-22.28,166.46,0,NC,1551857400,69,28,1
camacupa,-12.02,17.48,8,AO,1551860463,99,23.1,1.87
dikson,73.51,80.55,68,RU,1551860051,97,-14.65,6.47
rozkishne,48.5,37.59,0,UA,1551860754,73,8.8,5.82
nuuk,64.17,-51.74,56,GL,1551859963,62,-6,6.2
izhma,65.01,53.91,92,RU,1551860754,79,-4.75,1.67
dingle,11,122.67,0,PH,1551860163,54,30.1,5.67
chuy,-33.69,-53.46,0,UY,1551860145,94,21.05,3.92
padang,-0.92,100.36,20,ID,1551855600,66,32,2.1
port blair,11.67,92.75,0,IN,1551860097,100,28.35,2.62
durban,43.54,0.58,0,FR,1551860715,66,12.22,2.6
fasa,28.94,53.65,0,IR,1551855600,28,13,2.1
tromso,69.65,18.96,75,NO,1551859586,73,-5,3.1
soyo,-6.13,12.37,75,AO,1551855600,88,25,2.6
bubaque,11.28,-15.83,8,GW,1551860756,87,26.1,5.02
tiksi,71.64,128.87,44,RU,1551860167,73,-14.7,2.07
bealanana,-14.54,48.75,92,MG,1551860756,95,22.4,1.42
hithadhoo,-0.6,73.08,64,MV,1551860081,100,28.4,4.32
kavaratti,10.57,72.64,8,IN,1551860480,100,27.58,6.57
mahina,13.76,-10.85,20,ML,1551860757,33,26.25,2.47
dunedin,-45.87,170.5,8,NZ,1551859468,91,17.22,3.13
galesong,-5.32,119.37,75,ID,1551857400,100,26,1.5
crossfield,51.43,-114.03,40,CA,1551860700,70,-15.57,1.5
alice springs,-23.7,133.88,0,AU,1551857400,21,33,7.2
buin,-33.73,-70.74,0,CL,1551860189,44,19.44,1
iskateley,67.68,53.15,80,RU,1551860369,94,-12.58,1.77
saurimo,-9.66,20.4,40,AO,1551855600,83,22,1.67
fengzhen,40.43,113.15,0,CN,1551860758,30,1.93,2.67
shymkent,42.31,69.59,0,KZ,1551857400,54,12,1
taoudenni,22.68,-3.98,0,ML,1551860462,14,20.4,4.52
leningradskiy,69.38,178.42,76,RU,1551860413,87,-14.15,7.07
flinders,-34.58,150.85,75,AU,1551860105,68,26.67,9.8
rauma,61.13,21.5,20,FI,1551858600,57,-6,5.1
isangel,-19.55,169.27,0,VU,1551860142,97,28.3,6.72
barra do corda,-5.5,-45.25,92,BR,1551860759,97,21.95,1.52
kununurra,-15.77,128.74,75,AU,1551857400,44,35,6.2
yerbogachen,61.28,108.01,48,RU,1551860447,60,-2.9,4.47
kamwenge,0.19,30.45,56,UG,1551860759,94,22.48,1.92
san patricio,-26.98,-56.83,48,PY,1551860097,86,22.58,1.12
benito juarez,28.64,-111.57,68,MX,1551860719,79,16.67,0.89
aguimes,27.91,-15.45,20,ES,1551860735,72,17,1
krasnoye,44.87,39.46,20,RU,1551860472,66,11,4
coolum beach,-26.53,153.09,92,AU,1551860734,76,26.11,2.12
jeremie,18.65,-74.12,0,HT,1551860762,100,22.33,0.52
south sioux city,42.47,-96.41,1,US,1551860211,91,-15.57,3.6
saint-leu,-21.15,55.28,0,RE,1551860199,52,32,5.7
kathmandu,27.71,85.32,20,NP,1551858600,28,20,4.1
ushtobe,45.25,77.98,88,KZ,1551860763,73,8.35,3.67
adre,13.47,22.2,0,TD,1551860763,20,31.93,5.82
katete,-0.78,29.75,80,UG,1551860763,83,21.8,2.22
mandurah,-32.55,115.7,92,AU,1551860604,35,30.56,6.2
evensk,61.92,159.24,48,RU,1551860764,100,-11.18,5.02
popondetta,-8.77,148.24,76,PG,1551860765,96,21.05,0.77
sangar,63.92,127.47,92,RU,1551860765,73,-16.28,3.52
lodwar,3.12,35.6,0,KE,1551860765,49,32.48,1.97
umm bab,25.21,50.81,75,QA,1551855360,33,23,3.1
flin flon,54.77,-101.88,56,CA,1551860766,67,-13.8,3.82
saint george,39.45,22.34,0,GR,1551860008,51,16,1.5
faanui,-16.48,-151.75,92,PF,1551860117,97,29.4,4.37
port hardy,50.7,-127.42,5,CA,1551859200,85,-4,2.1
steamboat springs,40.48,-106.83,90,US,1551860491,92,1,4.1
harper,30.3,-99.24,1,US,1551860538,79,0.56,1.5
cabo san lucas,22.89,-109.91,20,MX,1551859806,72,19.44,3.42
mbulu,-3.86,35.54,32,TZ,1551860674,93,20.9,3.47
patos de minas,-18.6,-46.51,92,BR,1551860259,100,17.78,1.37
saint-pierre,48.95,4.24,0,FR,1551859925,75,10,6.2
vao,59.1,26.19,0,EE,1551860418,76,-7.78,2.27
huainan,32.59,117.01,64,CN,1551860767,51,14.95,4.92
kot diji,27.34,68.71,0,PK,1551860768,59,26.8,2.02
ko samui,9.54,99.94,20,TH,1551857400,74,30,3.1
ambanja,-13.68,48.45,75,MG,1551859200,79,30,2.1
dong hoi,17.48,106.6,8,VN,1551860768,82,27.73,3.67
sorland,67.67,12.69,40,NO,1551856800,80,-1,13.4
yabelo,4.89,38.09,0,ET,1551860769,29,31.65,1.77
hoquiam,46.98,-123.89,1,US,1551860165,64,2.78,2.1
ihosy,-22.4,46.13,0,MG,1551860769,68,26.83,4.27
karratha,-20.74,116.85,0,AU,1551860108,21,38.8,6.07
areado,-21.36,-46.15,48,BR,1551860769,91,17.55,2.27
wajima,37.4,136.9,75,JP,1551855600,66,11,5.7
novoagansk,61.94,76.66,48,RU,1551860770,64,-9.28,3.37
yerofey pavlovich,53.97,121.97,0,RU,1551860770,49,-2.05,1.97
baykit,61.68,96.39,48,RU,1551860366,67,-8.68,3.72
olinda,-2.03,-79.75,75,EC,1551860239,88,26,1.5
magadan,59.56,150.8,36,RU,1551860771,100,-11.53,2.92
uvalde,29.21,-99.79,1,US,1551860437,63,1,2.1
tessalit,20.2,1.01,0,ML,1551860148,19,22.5,2.52
darlowo,54.42,16.41,48,PL,1551860771,94,4.15,4.67
ishcherskaya,43.72,45.13,0,RU,1551857400,43,10,1
tarakan,3.3,117.63,75,ID,1551855600,83,25,3.1
makakilo city,21.35,-158.09,75,US,1551860131,88,20,2.1
ahipara,-35.17,173.16,32,NZ,1551860193,88,18.75,0.77
basco,40.33,-91.2,1,US,1551860718,78,-10.57,3.6
champerico,16.38,-93.6,20,MX,1551860773,76,19.48,4.62
tahe,52.34,124.71,0,CN,1551860773,49,-2.03,2.17
launceston,-41.43,147.14,0,AU,1551860771,33,14,6.2
ullapool,57.9,-5.16,80,GB,1551860718,85,5,1.79
joshimath,30.57,79.57,20,IN,1551860773,79,-8.15,0.62
coahuayana,18.62,-100.35,0,MX,1551860170,66,14.43,0.62
luderitz,-26.65,15.16,20,NA,1551860059,91,17.55,3.42
kuytun,54.34,101.51,88,RU,1551860774,74,3.1,1.67
broken hill,-31.97,141.45,0,AU,1551855600,28,22,8.2
mezen,65.85,44.24,48,RU,1551860422,73,-9.4,2.52
high prairie,55.43,-116.48,0,CA,1551860775,54,-21.33,2.07
manzil salim,35.86,8.48,0,TN,1551859200,40,12,2.6
monze,-16.28,27.48,0,ZM,1551860775,68,27.8,4.22
umm lajj,25.02,37.27,0,SA,1551860375,69,22.35,1.97
shimoda,34.7,138.93,75,JP,1551859340,72,15,2.6
victoria,5.28,115.24,75,BN,1551857400,66,32,3.6
santa marta,11.24,-74.21,8,CO,1551860430,98,25.55,14.22
boa vista,2.82,-60.67,0,BR,1551859200,61,27,4.6
lagoa,37.14,-8.45,40,PT,1551860164,87,16,8.2
saldanha,41.42,-6.55,88,PT,1551860376,96,9.05,6.32
goksun,38.02,36.5,40,TR,1551858600,87,8,1
shubarkuduk,49.15,56.49,80,KZ,1551860577,96,3.68,7.47
barcelos,41.53,-8.62,75,PT,1551860327,93,11,5.1
majene,-3.54,118.97,88,ID,1551860396,96,27.98,7.67
haines junction,60.75,-137.51,0,CA,1551860778,55,-25.45,1.07
milove,49.38,40.13,0,RU,1551860778,90,1.33,4.72
bilibino,68.06,166.44,80,RU,1551860778,83,-18.03,1.12
rocha,-34.48,-54.34,88,UY,1551860336,98,18.58,2.12
murwillumbah,-28.33,153.4,40,AU,1551860713,78,29,6.2
yaan,7.38,8.57,0,NG,1551860779,70,31.33,4.27
saint-augustin,44.83,-0.61,0,FR,1551860649,71,13,7.7
inuvik,68.36,-133.71,5,CA,1551859200,65,-13,3.1
charlottesville,38.03,-78.48,90,US,1551860466,57,-2,4.6
san quintin,17.54,120.52,0,PH,1551860400,56,28.08,2.57
baruun-urt,46.68,113.28,24,MN,1551860781,22,3.68,7.12
waterloo,43.47,-80.52,1,CA,1551858503,78,-12.22,5.1
dakar,14.69,-17.45,0,SN,1551859200,68,18,7.2
vestmannaeyjar,63.44,-20.27,90,IS,1551859920,100,-2,7.7
murgab,37.5,61.97,0,TM,1551855600,71,11,2.32
lardos,36.09,28.02,20,GR,1551860764,63,17,3.1
mahebourg,-20.41,57.7,40,MU,1551860044,62,30.56,4.1
lata,30.78,78.62,0,IN,1551860782,83,7.9,0.77
oranjestad,12.52,-70.03,32,AW,1551860646,94,25.55,8.67
kattivakkam,13.22,80.32,20,IN,1551857400,47,36,5.1
atasu,48.68,71.64,0,KZ,1551860783,100,-2.4,1.97
broome,52.47,1.45,75,GB,1551860354,93,9.44,8.2
reinosa,43,-4.14,75,ES,1551860584,63,17.22,1
manado,1.49,124.85,75,ID,1551859200,66,30,3.6
whitehorse,60.72,-135.06,5,CA,1551860565,55,-13,1.5
oistins,13.07,-59.53,40,BB,1551855600,74,26,9.3
coihaique,-45.58,-72.07,90,CL,1551855600,93,11,2.6
san pedro de cartago,1.55,-77.12,92,CO,1551860784,98,18.23,0.32
kralendijk,12.15,-68.27,32,BQ,1551855300,78,26,6.2
mana,43.52,20.24,90,RS,1551859200,100,7,0.5
san joaquin,10.59,122.14,0,PH,1551860785,54,30.1,5.67
libertador general san martin,-23.81,-64.79,92,AR,1551860786,95,19.33,1.17
santa maria,-29.69,-53.81,64,BR,1551860787,84,21.3,2.77
benguela,-12.58,13.4,12,AO,1551860787,88,29.15,1.32
warrensburg,38.76,-93.74,1,US,1551860738,84,-9.44,1.57
ukiah,39.15,-123.21,90,US,1551860672,87,12.78,7.2
andilamena,-17.01,48.57,64,MG,1551860788,92,22.68,2.62
bronnoysund,65.46,12.2,75,NO,1551860702,68,-3,6.7
tynda,55.15,124.74,0,RU,1551860788,66,-6.03,1.77
fort nelson,58.81,-122.69,5,CA,1551855600,83,-20,1
marquette,46.54,-87.4,1,US,1551860158,83,-17,2.37
brae,60.4,-1.35,40,GB,1551856800,86,4,4.6
ampanihy,-24.69,44.75,0,MG,1551860789,55,31.4,7.27
manjacaze,-24.71,33.88,8,MZ,1551860789,62,31.18,6.57
valparaiso,41.47,-87.06,90,US,1551860782,61,-9.44,4.6
pochutla,15.74,-96.47,0,MX,1551860144,84,23.33,1.32
khuzhir,53.19,107.35,0,RU,1551860790,60,-0.78,1.32
humaita,-24.93,-65.37,75,AR,1551859200,93,20,0.92
nkhotakota,-12.93,34.3,92,MW,1551860791,79,27.23,2.32
sankt georgen,48.13,8.33,0,DE,1551860751,75,8.33,2.1
nokaneng,-19.66,22.19,12,BW,1551860792,38,31.15,6.97
inhambane,-23.87,35.38,40,MZ,1551855600,55,30,6.2
roviai,38.82,23.23,0,GR,1551860703,55,18,2.1
muisne,0.61,-80.02,56,EC,1551860792,93,21.8,1.32
jhudo,24.96,69.3,0,PK,1551860793,45,28.6,3.12
faya,18.39,42.45,40,SA,1551855600,77,19,5.7
aksu,52.04,76.93,75,KZ,1551857400,79,-2,5
parana,-7.52,-72.89,75,BR,1551858300,94,25,1.5
christchurch,-43.53,172.64,0,NZ,1551860258,88,17.78,7.7
talnakh,69.49,88.39,76,RU,1551860117,78,-15.55,7.72
srednekolymsk,67.46,153.71,68,RU,1551860066,58,-21.4,1.12
xai-xai,-25.04,33.64,8,MZ,1551860203,83,28.68,6.57
zlitan,32.47,14.57,0,LY,1551860794,53,19.7,2.42
benbrook,32.67,-97.46,1,US,1551860787,50,0.56,1.37
rafaela,-31.25,-61.49,80,AR,1551860668,89,20,0.89
kijabe,-0.95,36.6,0,KE,1551860167,50,25,4.1
touros,-5.2,-35.46,75,BR,1551855600,94,25,2.6
chenzhou,25.81,113.03,100,CN,1551860796,100,9.8,1.87
bom jesus,-9.08,-44.36,80,BR,1551860796,96,20.1,1.62
ciudad bolivar,8.12,-63.55,44,VE,1551860449,63,25,5.57
half moon bay,37.46,-122.43,90,US,1551860488,82,15,14.9
alto longa,-5.25,-42.21,92,BR,1551860797,97,21.08,1.62
sharjah,25.36,55.39,0,AE,1551859200,24,26,4.6
bandarbeyla,9.49,50.81,0,SO,1551860797,100,26.15,6.02
anloga,5.79,0.9,75,GH,1551859200,83,29,3.6
puerto el triunfo,13.27,-88.55,0,SV,1551858600,54,26,3.6
senanga,-16.1,23.3,0,ZM,1551860798,67,27.9,2.57
homagama,6.84,80,40,LK,1551856200,66,31,4.1
santa vitoria,-7.82,-67.03,76,BR,1551860798,95,24.33,1.47
itatinga,-23.1,-48.61,0,BR,1551860799,95,18.45,1.52
pontianak,-0.02,109.34,40,ID,1551857400,62,30,2.57
kushiro,43.11,144.15,75,JP,1551855600,60,4,4.1
ambilobe,-13.19,49.05,76,MG,1551860451,93,27.95,2.02
egvekinot,66.32,-179.17,36,RU,1551860800,79,-10.6,1.02
manokwari,-0.87,134.08,80,ID,1551860800,100,26.95,1.67
gat,14.69,-16.54,0,SN,1551859200,68,18,7.2
ryotsu,38.08,138.43,75,JP,1551855600,41,14,4.6
punta silum,8.38,124.27,0,PH,1551860161,77,28.33,2.24
beremend,45.78,18.43,0,HU,1551859200,66,9,1.97
muromtsevo,56.37,75.24,44,RU,1551860801,92,-7.4,2.82
rancho veloz,22.88,-80.39,40,CU,1551858600,94,20,0.5
santa rita,10.21,-67.56,12,VE,1551860802,99,18.45,1.12
portland,45.52,-122.67,75,US,1551859925,67,1.67,3.6
bakel,14.9,-12.46,0,SN,1551860803,26,25.08,2.97
fairbanks,64.84,-147.72,90,US,1551860625,67,-3.89,2.1
bonen,48.2,-3.31,75,FR,1551860718,93,12.22,6.7
vanavara,60.35,102.28,80,RU,1551860803,64,-3.65,4.02
naze,5.43,7.07,20,NG,1551855600,100,26,3.12
kruisfontein,-34,24.73,0,ZA,1551860174,64,23.95,1.17
salalah,17.01,54.1,0,OM,1551855000,54,27,4.6
cascais,38.7,-9.42,75,PT,1551860443,93,13,8.2
honghu,29.82,113.46,92,CN,1551860805,76,14.65,4.22
nyakahanga,-1.6,31.14,92,TZ,1551860805,100,17.65,0.77
solnechnyy,50.72,136.64,0,RU,1551860805,74,-9.43,1.22
northam,51.04,-4.21,75,GB,1551860786,93,11.67,7.2
tutoia,-2.76,-42.27,92,BR,1551860576,97,24.58,2.32
san luis,-33.3,-66.34,0,AR,1551860606,86,19.05,3.42
upata,8.02,-62.41,36,VE,1551860152,87,23.33,0.45
itaituba,-4.26,-55.99,36,BR,1551860806,96,24.1,1.52
virden,49.85,-100.93,56,CA,1551860807,78,-14.45,3.67
la ronge,55.1,-105.3,20,CA,1551859200,77,-17,3.6
prince rupert,54.32,-130.32,1,CA,1551859200,58,-1,4.6
nantucket,41.28,-70.1,90,US,1551860643,68,-3,7.7
ponta do sol,-20.63,-46,20,BR,1551860098,89,16.5,1.22
la asuncion,-1.64,-78.74,56,EC,1551860808,91,6.25,0.57
vagay,57.94,69.02,32,RU,1551860808,85,-7.1,5.67
karabulak,44.91,78.49,88,KZ,1551860809,77,6.43,1.07
eydhafushi,5.1,73.07,68,MV,1551860809,100,28,3.47
westport,53.8,-9.52,90,IE,1551860525,93,6.67,6.2
yar-sale,66.83,70.83,36,RU,1551860096,82,-16.03,7.72
teahupoo,-17.83,-149.27,20,PF,1551860583,78,26,1.5
yuzhnyy,53.54,39.45,92,RU,1551860810,96,1.18,7.42
weiser,44.25,-116.97,90,US,1551860704,86,4,2.6
tocopilla,-22.09,-70.2,64,CL,1551860810,100,15.48,0.47
khorixas,-20.37,14.96,0,NA,1551860812,33,27.73,1.87
port hawkesbury,45.62,-61.36,90,CA,1551860756,85,-8.89,1.82
dodge city,37.75,-100.02,1,US,1551860737,67,-6.67,4.6
los llanos de aridane,28.66,-17.92,20,ES,1551859200,72,16,3.1
klimovo,52.38,32.2,36,RU,1551860813,84,2.23,5.32
bathsheba,13.22,-59.52,40,BB,1551855600,74,26,9.3
hasaki,35.73,140.83,75,JP,1551860022,87,14,2.1
batemans bay,-35.71,150.18,0,AU,1551860702,34,17.22,2.24
port hedland,-20.31,118.58,0,AU,1551857400,44,36,8.7
ust-tsilma,65.44,52.15,92,RU,1551860813,83,-7.28,2.42
follonica,42.93,10.76,90,IT,1551860794,87,15.56,4.1
mayo,63.59,-135.9,5,CA,1551859200,83,-20,3.6
dawei,14.07,98.19,0,MM,1551860814,33,32,1.62
nanortalik,60.14,-45.24,20,GL,1551860100,100,-2.33,21.87
puerto narino,-3.77,-70.38,20,CO,1551855600,100,25,1.02
ayacucho,-13.16,-74.23,92,PE,1551860815,100,6.43,1.12
sao joao da barra,-21.64,-41.05,68,BR,1551860100,100,25.93,4.72
yeniseysk,58.45,92.17,64,RU,1551860604,73,-3.9,1.52
sao jose da coroa grande,-8.9,-35.15,80,BR,1551860429,100,24.05,2.27
carbonia,39.17,8.53,20,IT,1551860131,87,15,0.5
mae hong son,19.3,97.96,20,MM,1551855600,31,32,2.6
mashhad,36.3,59.61,75,IR,1551857400,71,10,4.1
gazli,40.13,63.45,0,UZ,1551860816,50,11.9,4.87
reforma,24.02,-104.65,0,MX,1551860416,45,14.44,3.13
katherine,-14.47,132.26,40,AU,1551857400,27,37,5.1
kawalu,-7.38,108.21,92,ID,1551860584,91,21.9,1.22
vannes,47.66,-2.76,88,FR,1551860718,93,12,6.2
khash,28.22,61.21,0,IR,1551860725,31,17.1,1.77
astana,51.13,71.43,90,KZ,1551857400,92,-3,8
timra,62.49,17.33,90,SE,1551860237,77,-6.11,1.5
tabuk,17.41,121.44,76,PH,1551860819,44,27.95,0.82
yangambi,0.77,24.47,24,CD,1551860819,79,27.95,1.67
uchiza,-8.46,-76.46,0,PE,1551860820,98,20.58,0.87
kuldur,49.22,131.63,0,RU,1551860820,53,-5.5,2.77
grootfontein,-19.56,18.1,40,NA,1551859200,57,26,1.5
batticaloa,7.71,81.69,0,LK,1551860820,81,31.18,2.92
bali,32.29,119.4,36,CN,1551860819,49,17.78,0.89
lenzburg,47.39,8.18,0,CH,1551860794,73,9.44,1.5
celestun,20.87,-90.4,92,MX,1551860086,100,23.85,11.12
kangundo,-1.3,37.35,0,KE,1551857400,50,25,4.1
marrakesh,31.63,-7.99,75,MA,1551859200,76,13,1.5
state college,40.79,-77.86,90,US,1551860724,72,-9.44,5.7
onega,63.91,38.09,8,RU,1551860822,81,-13.6,5.02
college,64.86,-147.8,90,US,1551860722,73,-3,2.12
grand-lahou,5.24,-5,0,CI,1551860822,73,30.25,2.22
ixtapa,20.71,-105.21,5,MX,1551860719,100,21.11,1.17
zaoyang,32.12,112.76,80,CN,1551860823,49,15.8,4.32
knittelfeld,47.21,14.83,0,AT,1551860699,75,8.89,2.6
kieta,-6.22,155.63,32,PG,1551860156,100,25.98,0.52
tobermory,45.25,-81.67,0,CA,1551860259,81,-21.67,8.42
awjilah,29.14,21.3,0,LY,1551860824,55,19.1,2.12
ola,59.58,151.3,44,RU,1551860824,100,-12.43,3.92
manaure,11.78,-72.45,36,CO,1551860434,92,24.83,8.17
clonakilty,51.62,-8.87,75,IE,1551860272,93,9,4.6
erzin,36.95,36.2,75,TR,1551860551,87,15,1
the pas,53.82,-101.24,90,CA,1551859200,65,-15,5.1
vostok,46.45,135.83,0,RU,1551860825,43,-4.78,2.17
salinas,36.67,-121.66,75,US,1551860624,76,15,11.3
atbasar,51.81,68.36,56,KZ,1551860826,94,0.25,6.67
karpogory,64,44.44,0,RU,1551860826,58,-8.43,3.47
buala,-8.15,159.59,68,SB,1551860826,90,28.43,3.47
altay,47.83,88.13,88,CN,1551860371,76,-0.75,1.22
imperia,43.88,8.02,75,IT,1551860770,62,13.33,2.1
puerto carreno,6.19,-67.49,80,CO,1551860594,83,22.43,1.72
stepnyak,52.83,70.79,32,KZ,1551860827,96,-0.6,5.82
